username,total_likes
Eveline95,420
Clint27,361
Cesar93,338
Delfina_VonRueden68,285
Aurelie71,280
Jaime53,271
Donald.Fritsch,218
Zack_Kemmer93,182
Alexandro35,181
Janet.Armstrong,180
Adelle96,179
Colten.Harris76,177
Florence99,175
Yvette.Gottlieb91,175
Travon.Waters,173
Kenton_Kirlin,168
Josianne.Friesen,168
Justina.Gaylord27,166
Mariano_Koch3,163
Kathryn80,157
Harrison.Beatty50,151
Seth46,146
Malinda_Streich,145
Rick29,140
Dereck65,140
Irwin.Larson,140
Dario77,139
Annalise.McKenzie16,137
Tabitha_Schamberger11,137
Elenor88,135
Harley_Lind18,132
Gus93,130
Billy52,129
Andre_Purdy85,127
Norbert_Carroll35,108
Arely_Bogan63,106
Presley_McClure,105
Maya.Farrell,103
Keenan.Schamberger60,99
Frederik_Rice,98
Gerard79,98
Emilio_Bernier52,97
Alek_Watsica,96
Javonte83,77
Alysa22,73
Aracely.Johnston98,72
Ressie_Stanton46,70
Lennie_Hartmann40,69
Hailee26,69
Willie_Leuschke,68
Kaley9,65
Milford_Gleichner42,64
Nicole71,64
Sam52,63
Jordyn.Jacobson2,62
Tomas.Beatty93,59
Meggie_Doyle,41
Delpha.Kihn,41
Damon35,40
Kelsi26,39
Yazmin_Mills95,39
Kenneth64,39
Jayson65,38
Jaylan.Lakin,38
Granville_Kutch,37
Karley_Bosco,36
Erick5,36
Odessa2,36
Darwin29,35
Imani_Nicolas17,34
Peter.Stehr0,33
Rafael.Hickle2,33
Katarina.Dibbert,29
Aiyana_Hoeger,28
